code_or_label,rural_male,rural_female,rural_person,urban_male,urban_female,urban_person,rural_urban_male,rural_urban_female,rural_urban_person
111,0.05,0.05,0.05,0.15,0.12,0.14,0.08,0.07,0.08
112,0.80,0.21,0.58,3.46,1.25,2.89,1.65,0.43,1.24
121,0.15,0.02,0.10,0.98,0.53,0.86,0.42,0.13,0.32
122,0.10,0.01,0.07,0.84,0.32,0.71,0.34,0.08,0.25
131,0.02,0.00,0.01,0.03,0.03,0.03,0.02,0.01,0.02
132,0.09,0.01,0.06,0.64,0.11,0.50,0.26,0.03,0.18
133,0.03,0.01,0.02,0.16,0.17,0.16,0.07,0.04,0.06
134,0.05,0.02,0.04,0.37,0.30,0.36,0.16,0.08,0.13
141,0.07,0.01,0.04,0.25,0.07,0.21,0.13,0.02,0.09
142,0.09,0.02,0.06,0.60,0.14,0.48,0.25,0.05,0.18
143,0.06,0.01,0.04,0.42,0.29,0.39,0.18,0.07,0.14
211,0.01,0.00,0.00,0.04,0.02,0.04,0.02,0.01,0.01
212,0.00,0.00,0.00,0.01,0.06,0.02,0.00,0.01,0.01
213,0.00,0.00,0.00,0.02,0.02,0.02,0.01,0.01,0.01
214,0.12,0.01,0.08,0.89,0.24,0.73,0.37,0.06,0.26
215,0.01,0.00,0.01,0.15,0.06,0.13,0.06,0.02,0.04
216,0.04,0.01,0.03,0.36,0.34,0.36,0.14,0.08,0.12
221,0.07,0.03,0.06,0.39,0.66,0.46,0.17,0.17,0.17
222,0.04,0.19,0.10,0.08,1.00,0.32,0.05,0.36,0.16
223,0.03,0.01,0.02,0.05,0.05,0.05,0.04,0.02,0.03
224,0.06,0.02,0.04,0.07,0.05,0.07,0.06,0.03,0.05
225,0.03,0.01,0.02,0.02,0.01,0.02,0.03,0.01,0.02
226,0.06,0.07,0.06,0.19,0.37,0.24,0.11,0.13,0.11
231,0.09,0.07,0.09,0.36,1.02,0.53,0.18,0.28,0.21
232,0.03,0.01,0.02,0.05,0.10,0.06,0.03,0.03,0.03
233,0.51,0.39,0.46,0.80,2.96,1.36,0.60,0.94,0.72
234,0.64,1.07,0.80,0.63,4.24,1.56,0.63,1.75,1.02
235,0.19,0.36,0.25,0.35,1.59,0.67,0.24,0.62,0.37
241,0.19,0.07,0.14,1.23,1.23,1.23,0.52,0.32,0.45
242,0.03,0.03,0.03,0.26,0.56,0.34,0.10,0.14,0.12
243,0.10,0.02,0.07,0.71,0.36,0.62,0.29,0.10,0.23
251,0.12,0.06,0.10,1.97,2.22,2.03,0.71,0.53,0.65
252,0.02,0.01,0.02,0.15,0.14,0.15,0.06,0.03,0.05
261,0.09,0.03,0.07,0.62,0.35,0.55,0.26,0.10,0.21
262,0.01,0.01,0.01,0.01,0.06,0.03,0.01,0.02,0.01
263,0.41,0.08,0.29,0.49,0.11,0.39,0.44,0.09,0.32
264,0.02,0.00,0.01,0.09,0.07,0.09,0.04,0.02,0.04
265,0.11,0.03,0.08,0.28,0.24,0.27,0.17,0.08,0.14
311,0.07,0.01,0.05,0.28,0.11,0.24,0.14,0.03,0.10
312,0.36,0.06,0.25,0.97,0.15,0.76,0.56,0.08,0.39
313,0.09,0.01,0.06,0.19,0.05,0.16,0.12,0.02,0.08
314,0.01,0.00,0.01,0.01,0.02,0.02,0.01,0.01,0.01
315,0.00,0.00,0.00,0.04,0.01,0.03,0.01,0.00,0.01
321,0.08,0.09,0.08,0.28,0.42,0.32,0.14,0.16,0.15
322,0.05,1.00,0.40,0.08,1.38,0.42,0.06,1.08,0.41
323,0.01,0.01,0.01,0.02,0.01,0.02,0.01,0.01,0.01
324,0.02,0.01,0.02,0.03,0.01,0.02,0.02,0.01,0.02
325,0.03,0.06,0.04,0.13,0.19,0.15,0.06,0.09,0.07
331,0.06,0.03,0.05,0.28,0.12,0.24,0.13,0.05,0.10
332,0.21,0.04,0.15,1.07,0.42,0.90,0.49,0.12,0.36
333,0.10,0.02,0.07,0.54,0.11,0.43,0.24,0.04,0.17
334,0.05,0.06,0.06,0.17,0.23,0.19,0.09,0.10,0.09
335,0.07,0.03,0.06,0.26,0.12,0.23,0.14,0.05,0.11
341,0.03,0.02,0.03,0.08,0.08,0.08,0.05,0.03,0.04
342,0.03,0.01,0.02,0.13,0.08,0.12,0.06,0.03,0.05
343,0.16,0.04,0.12,0.42,0.23,0.37,0.25,0.08,0.19
351,0.06,0.01,0.04,0.25,0.22,0.24,0.12,0.06,0.10
352,0.03,0.01,0.02,0.16,0.08,0.14,0.07,0.02,0.06
411,0.49,0.16,0.37,1.38,1.46,1.40,0.77,0.44,0.66
412,0.03,0.01,0.02,0.06,0.06,0.06,0.04,0.02,0.03
413,0.34,0.17,0.28,0.81,1.06,0.87,0.49,0.36,0.45
421,0.20,0.06,0.15,0.49,0.35,0.46,0.29,0.12,0.24
422,0.04,0.05,0.04,0.21,0.78,0.35,0.09,0.20,0.13
431,0.13,0.07,0.11,0.48,0.45,0.47,0.24,0.15,0.21
432,0.09,0.01,0.06,0.28,0.08,0.23,0.15,0.03,0.11
441,0.33,0.10,0.24,0.74,0.61,0.70,0.46,0.21,0.38
511,0.12,0.02,0.08,0.26,0.13,0.23,0.16,0.04,0.12
512,0.60,1.12,0.79,1.24,3.62,1.86,0.80,1.65,1.09
513,0.17,0.04,0.12,0.42,0.15,0.35,0.25,0.06,0.18
514,0.63,0.29,0.50,0.62,1.62,0.88,0.63,0.57,0.61
515,0.21,0.17,0.19,0.47,0.82,0.56,0.29,0.31,0.30
516,0.08,0.03,0.06,0.17,0.24,0.19,0.11,0.08,0.10
521,0.98,0.56,0.83,2.28,1.55,2.09,1.40,0.77,1.19
522,6.05,3.26,5.00,13.02,8.94,11.96,8.29,4.48,6.98
523,0.06,0.03,0.05,0.20,0.18,0.20,0.11,0.06,0.09
524,0.64,0.21,0.48,2.03,0.96,1.75,1.09,0.37,0.84
531,0.01,0.32,0.12,0.02,0.97,0.26,0.01,0.46,0.16
532,0.02,0.04,0.03,0.09,0.27,0.13,0.04,0.09,0.06
541,0.94,0.08,0.62,2.65,0.72,2.15,1.49,0.22,1.05
611,29.62,25.91,28.23,3.16,2.90,3.09,21.12,20.97,21.07
612,2.33,15.13,7.14,0.68,3.28,1.35,1.80,12.58,5.49
613,4.45,7.30,5.52,0.33,0.80,0.45,3.12,5.90,4.07
621,0.19,0.17,0.18,0.08,0.03,0.07,0.16,0.14,0.15
622,0.47,0.07,0.32,0.28,0.02,0.21,0.41,0.06,0.29
631,2.19,5.85,3.56,0.22,1.01,0.43,1.56,4.81,2.67
632,0.17,2.56,1.07,0.02,0.60,0.17,0.12,2.14,0.81
633,0.36,1.16,0.66,0.01,0.17,0.06,0.25,0.95,0.49
634,0.01,0.25,0.10,0.01,0.08,0.03,0.01,0.22,0.08
711,2.77,0.33,1.85,2.12,0.07,1.59,2.56,0.28,1.78
712,1.06,0.11,0.71,1.15,0.07,0.87,1.09,0.10,0.75
713,1.04,0.10,0.68,1.70,0.11,1.29,1.25,0.10,0.86
721,0.70,0.05,0.45,1.22,0.08,0.92,0.87,0.05,0.59
722,0.15,0.07,0.12,0.37,0.04,0.28,0.22,0.06,0.17
723,1.10,0.11,0.73,2.23,0.07,1.67,1.46,0.10,1.00
731,0.69,1.30,0.92,1.62,2.43,1.83,0.99,1.55,1.18
732,0.04,0.01,0.03,0.30,0.06,0.24,0.12,0.02,0.09
741,0.97,0.07,0.63,1.84,0.06,1.38,1.25,0.07,0.85
742,0.22,0.01,0.14,0.56,0.03,0.42,0.32,0.01,0.22
751,0.46,1.92,1.01,0.86,2.31,1.23,0.59,2.01,1.07
752,0.35,0.03,0.23,0.51,0.02,0.38,0.40,0.03,0.27
753,0.89,3.33,1.81,2.33,9.61,4.21,1.36,4.68,2.49
754,0.05,0.04,0.04,0.07,0.10,0.07,0.05,0.05,0.05
811,0.08,0.03,0.06,0.10,0.01,0.08,0.09,0.03,0.07
812,0.09,0.01,0.06,0.24,0.00,0.18,0.14,0.01,0.09
813,0.14,0.03,0.10,0.24,0.09,0.20,0.17,0.04,0.13
814,0.11,0.03,0.08,0.38,0.13,0.32,0.20,0.05,0.15
815,0.22,0.25,0.23,1.17,0.97,1.12,0.53,0.41,0.49
816,0.27,0.09,0.20,0.33,0.26,0.31,0.29,0.12,0.23
817,0.06,0.01,0.04,0.06,0.00,0.05,0.06,0.00,0.04
818,0.28,0.09,0.21,0.36,0.13,0.30,0.31,0.10,0.24
821,0.08,0.02,0.06,0.23,0.08,0.19,0.13,0.03,0.10
831,0.04,0.01,0.03,0.12,0.01,0.09,0.07,0.01,0.05
832,3.38,0.20,2.18,6.07,0.30,4.58,4.24,0.22,2.86
833,1.84,0.07,1.17,1.57,0.04,1.18,1.75,0.06,1.17
834,0.48,0.02,0.31,0.21,0.01,0.16,0.39,0.02,0.26
835,0.02,0.01,0.01,0.02,0.00,0.02,0.02,0.01,0.01
911,0.44,1.28,0.76,1.19,10.89,3.70,0.69,3.34,1.60
912,0.11,0.08,0.10,0.37,0.48,0.39,0.19,0.17,0.18
921,7.74,14.36,10.23,0.91,3.89,1.68,5.55,12.11,7.80
931,12.48,4.40,9.45,6.07,2.39,5.12,10.42,3.97,8.21
932,1.78,1.14,1.54,3.07,3.25,3.12,2.19,1.60,1.99
933,1.09,0.11,0.72,1.84,0.19,1.41,1.33,0.12,0.92
941,0.07,0.13,0.10,0.28,0.44,0.32,0.14,0.20,0.16
951,0.04,0.05,0.05,0.12,0.05,0.10,0.07,0.05,0.06
952,0.25,0.09,0.19,0.54,0.27,0.47,0.34,0.13,0.27
961,0.23,0.21,0.22,0.78,1.26,0.90,0.40,0.44,0.42
962,0.20,0.10,0.16,0.55,0.33,0.50,0.31,0.15,0.26
